Date,England,London,South_of_England,North_of_England,Midlands_and_East_of_England
2020-03-20T00:00:00Z,1580,841,250,212,277
2020-03-21T00:00:00Z,2152,1081,432,286,353
2020-03-22T00:00:00Z,2670,1266,579,348,477
2020-03-23T00:00:00Z,3183,1559,626,427,571
2020-03-24T00:00:00Z,3598,1705,675,480,738
2020-03-25T00:00:00Z,4402,2051,820,644,887
2020-03-26T00:00:00Z,5226,2244,902,815,1265
2020-03-27T00:00:00Z,6462,2829,1123,1105,1405
2020-03-28T00:00:00Z,7269,3114,1222,1366,1567
2020-03-29T00:00:00Z,8424,3464,1503,1645,1812
2020-03-30T00:00:00Z,9852,3638,1776,1977,2461
2020-03-31T00:00:00Z,11154,4073,2069,2267,2745
2020-04-01T00:00:00Z,12059,4219,2071,2744,3025
2020-04-02T00:00:00Z,12135,4168,2367,2908,2692
2020-04-03T00:00:00Z,13635,4092,2392,3555,3596
2020-04-04T00:00:00Z,15469,4691,2636,4229,3913
2020-04-05T00:00:00Z,16657,4869,2876,4591,4321
2020-04-06T00:00:00Z,17154,5058,2968,4658,4470
2020-04-07T00:00:00Z,17814,5025,3201,4829,4759
2020-04-08T00:00:00Z,18152,5198,3215,4989,4750
2020-04-09T00:00:00Z,17826,4604,3125,5415,4682
2020-04-10T00:00:00Z,18669,5168,3283,5304,4914
2020-04-11T00:00:00Z,18604,4910,3273,5528,4893
2020-04-12T00:00:00Z,18974,4931,3379,5555,5109
2020-04-13T00:00:00Z,18621,4799,3393,5642,4787
2020-04-14T00:00:00Z,18552,4621,3423,5571,4937
2020-04-15T00:00:00Z,17934,4509,3342,5361,4722
2020-04-16T00:00:00Z,17783,4395,3297,5419,4672
2020-04-17T00:00:00Z,16728,4219,3258,4902,4349
2020-04-18T00:00:00Z,16850,3993,3274,5160,4423
2020-04-19T00:00:00Z,16928,4021,3300,5145,4462
2020-04-20T00:00:00Z,16654,3940,3258,5026,4430
2020-04-21T00:00:00Z,16517,3922,3166,5040,4389
2020-04-22T00:00:00Z,16018,3768,3127,4857,4266
2020-04-23T00:00:00Z,15402,3510,2939,4759,4194
2020-04-24T00:00:00Z,14642,3281,2777,4622,3962
2020-04-25T00:00:00Z,14202,3198,2692,4560,3752
2020-04-26T00:00:00Z,14174,3115,2598,4490,3971
2020-04-27T00:00:00Z,14255,3117,2623,4560,3955
2020-04-28T00:00:00Z,13565,2794,2579,4368,3824
2020-04-29T00:00:00Z,13224,2811,2390,4386,3637
2020-04-30T00:00:00Z,12922,2703,2364,4294,3561
2020-05-01T00:00:00Z,12623,2596,2326,4271,3430
2020-05-02T00:00:00Z,12314,2432,2202,4292,3388
2020-05-03T00:00:00Z,12119,2390,2204,4141,3384
2020-05-04T00:00:00Z,12020,2328,2236,4164,3292
2020-05-05T00:00:00Z,11754,2270,2169,4055,3260
2020-05-06T00:00:00Z,11227,2154,2035,3862,3176
2020-05-07T00:00:00Z,10726,2086,1930,3650,3060
2020-05-08T00:00:00Z,10249,1955,1807,3548,2939
2020-05-09T00:00:00Z,10176,1971,1741,3511,2953
2020-05-10T00:00:00Z,9893,1889,1701,3338,2965
2020-05-11T00:00:00Z,10109,1880,1731,3514,2984
2020-05-12T00:00:00Z,9791,1827,1669,3377,2918
2020-05-13T00:00:00Z,9602,1777,1612,3320,2893
2020-05-14T00:00:00Z,9231,1667,1569,3183,2812
2020-05-15T00:00:00Z,9079,1625,1546,3180,2728
2020-05-16T00:00:00Z,8643,1552,1425,3003,2663
2020-05-17T00:00:00Z,8611,1454,1420,2994,2743
2020-05-18T00:00:00Z,8668,1496,1422,3006,2744
2020-05-19T00:00:00Z,8518,1390,1391,3013,2724
2020-05-20T00:00:00Z,8115,1247,1341,2876,2651
2020-05-21T00:00:00Z,7903,1224,1346,2734,2599
2020-05-22T00:00:00Z,7761,1240,1305,2679,2537
2020-05-23T00:00:00Z,7428,1165,1233,2594,2436
2020-05-24T00:00:00Z,7415,1160,1256,2560,2439
2020-05-25T00:00:00Z,7448,1174,1192,2599,2483
2020-05-26T00:00:00Z,7305,1144,1203,2579,2379
2020-05-27T00:00:00Z,6836,1091,1141,2449,2155
2020-05-28T00:00:00Z,6528,1029,1071,2368,2060
2020-05-29T00:00:00Z,6250,1002,1038,2295,1915
2020-05-30T00:00:00Z,5972,915,965,2223,1869
2020-05-31T00:00:00Z,5933,891,967,2226,1849
2020-06-01T00:00:00Z,5954,862,980,2225,1887
2020-06-02T00:00:00Z,5827,855,961,2203,1808
2020-06-03T00:00:00Z,5600,813,948,2139,1700
2020-06-04T00:00:00Z,5398,795,918,2028,1657
2020-06-05T00:00:00Z,5213,783,888,1945,1597
2020-06-06T00:00:00Z,5004,707,869,1854,1574
2020-06-07T00:00:00Z,4820,691,814,1808,1507
2020-06-08T00:00:00Z,4830,701,800,1816,1513
2020-06-09T00:00:00Z,4665,707,755,1756,1447
2020-06-10T00:00:00Z,4447,675,725,1646,1401
2020-06-11T00:00:00Z,4179,620,681,1553,1325
2020-06-12T00:00:00Z,4136,568,655,1583,1330
2020-06-13T00:00:00Z,4000,540,614,1537,1309
2020-06-14T00:00:00Z,3973,531,618,1516,1308
2020-06-15T00:00:00Z,3920,503,606,1535,1276
2020-06-16T00:00:00Z,3934,539,598,1481,1316
2020-06-17T00:00:00Z,3826,508,579,1437,1302
2020-06-18T00:00:00Z,3681,494,537,1388,1262
2020-06-19T00:00:00Z,3575,466,527,1352,1230
2020-06-20T00:00:00Z,3423,466,466,1314,1177
2020-06-21T00:00:00Z,3373,446,484,1283,1160
2020-06-22T00:00:00Z,3417,453,465,1321,1178
2020-06-23T00:00:00Z,3288,452,456,1277,1103
2020-06-24T00:00:00Z,3223,477,412,1247,1087
2020-06-25T00:00:00Z,3066,439,419,1165,1043
2020-06-26T00:00:00Z,2859,423,360,1115,961
2020-06-27T00:00:00Z,2819,408,368,1089,954
2020-06-28T00:00:00Z,2818,392,366,1109,951
2020-06-29T00:00:00Z,3024,398,382,1308,936
2020-06-30T00:00:00Z,2665,386,353,1031,895
2020-07-01T00:00:00Z,2509,334,335,984,856
2020-07-02T00:00:00Z,2410,320,335,944,811
2020-07-03T00:00:00Z,2294,316,333,885,760
2020-07-04T00:00:00Z,2152,293,313,814,732
2020-07-05T00:00:00Z,2100,288,315,776,721
2020-07-06T00:00:00Z,2099,291,310,770,728
2020-07-07T00:00:00Z,2010,284,302,728,696
2020-07-08T00:00:00Z,1888,269,282,675,662
2020-07-09T00:00:00Z,1801,265,288,647,601
2020-07-10T00:00:00Z,1746,255,271,646,574
2020-07-11T00:00:00Z,1640,206,259,618,557
2020-07-12T00:00:00Z,1611,247,254,600,510
2020-07-13T00:00:00Z,1612,247,255,596,514
2020-07-14T00:00:00Z,1506,229,244,558,475
2020-07-15T00:00:00Z,1489,212,243,539,495
2020-07-16T00:00:00Z,1348,191,228,514,415
2020-07-17T00:00:00Z,1346,187,229,500,430
2020-07-18T00:00:00Z,1321,179,228,495,419
2020-07-19T00:00:00Z,1301,179,227,478,417
2020-07-20T00:00:00Z,1278,180,230,451,417
2020-07-21T00:00:00Z,1188,175,222,401,390
2020-07-22T00:00:00Z,1305,173,203,542,387
2020-07-23T00:00:00Z,1095,165,190,402,338
2020-07-24T00:00:00Z,1018,147,178,360,333
2020-07-25T00:00:00Z,977,108,163,401,305
2020-07-26T00:00:00Z,965,139,163,348,315
2020-07-27T00:00:00Z,945,133,144,348,320
2020-07-28T00:00:00Z,944,127,159,344,314
2020-07-29T00:00:00Z,927,131,165,332,299
2020-07-30T00:00:00Z,898,134,158,328,278
2020-07-31T00:00:00Z,870,128,154,312,276
2020-08-01T00:00:00Z,879,126,144,308,301
2020-08-02T00:00:00Z,847,120,145,308,274
2020-08-03T00:00:00Z,842,122,145,296,279
2020-08-04T00:00:00Z,807,118,134,304,251
2020-08-05T00:00:00Z,805,111,132,311,251
2020-08-06T00:00:00Z,756,113,100,292,251
2020-08-07T00:00:00Z,711,105,97,271,238
2020-08-08T00:00:00Z,650,126,98,271,155
2020-08-09T00:00:00Z,611,107,91,253,160
2020-08-10T00:00:00Z,714,107,102,282,223
2020-08-11T00:00:00Z,672,105,84,268,215
2020-08-12T00:00:00Z,642,111,74,253,204
2020-08-13T00:00:00Z,652,104,78,263,207
2020-08-14T00:00:00Z,642,103,90,256,193
2020-08-15T00:00:00Z,630,100,89,240,201
2020-08-16T00:00:00Z,634,100,95,239,200
2020-08-17T00:00:00Z,626,107,88,217,214
2020-08-18T00:00:00Z,597,98,89,203,207
2020-08-19T00:00:00Z,571,90,83,193,205
2020-08-20T00:00:00Z,551,89,82,188,192
2020-08-21T00:00:00Z,528,84,82,184,178
2020-08-22T00:00:00Z,594,79,73,262,180
2020-08-23T00:00:00Z,522,84,73,185,180
2020-08-24T00:00:00Z,522,85,72,182,183
2020-08-25T00:00:00Z,500,81,67,177,175
2020-08-26T00:00:00Z,485,83,65,160,177
2020-08-27T00:00:00Z,492,86,62,172,172
2020-08-28T00:00:00Z,469,82,53,169,165
2020-08-29T00:00:00Z,478,73,55,187,163
2020-08-30T00:00:00Z,479,78,56,184,161
2020-08-31T00:00:00Z,495,81,60,196,158
2020-09-01T00:00:00Z,496,88,54,200,154
2020-09-02T00:00:00Z,451,84,51,200,116
2020-09-03T00:00:00Z,468,87,51,216,114
2020-09-04T00:00:00Z,474,86,55,222,111
2020-09-05T00:00:00Z,471,90,51,225,105
2020-09-06T00:00:00Z,483,87,58,232,106
2020-09-07T00:00:00Z,555,98,67,267,123
2020-09-08T00:00:00Z,535,100,60,253,122
2020-09-09T00:00:00Z,557,96,62,268,131
2020-09-10T00:00:00Z,572,98,68,272,134
2020-09-11T00:00:00Z,622,115,73,301,133
2020-09-12T00:00:00Z,663,98,82,331,152
2020-09-13T00:00:00Z,691,100,78,341,172
2020-09-14T00:00:00Z,812,123,88,412,189
2020-09-15T00:00:00Z,891,136,93,429,233
2020-09-16T00:00:00Z,929,137,83,480,229
2020-09-17T00:00:00Z,984,147,86,522,229
2020-09-18T00:00:00Z,1020,150,98,529,243
2020-09-19T00:00:00Z,1081,161,94,566,260
2020-09-20T00:00:00Z,1174,171,104,613,286
2020-09-21T00:00:00Z,1299,190,120,683,306
2020-09-22T00:00:00Z,1378,210,121,727,320
2020-09-23T00:00:00Z,1439,210,132,774,323
2020-09-24T00:00:00Z,1546,219,139,843,345
2020-09-25T00:00:00Z,1686,230,146,919,391
2020-09-26T00:00:00Z,1689,200,139,953,397
2020-09-27T00:00:00Z,1793,224,154,982,433
2020-09-28T00:00:00Z,1955,267,155,1075,458
2020-09-29T00:00:00Z,1954,275,145,1066,468
2020-09-30T00:00:00Z,2036,278,138,1160,460
2020-10-01T00:00:00Z,2069,275,134,1190,470
2020-10-02T00:00:00Z,2180,276,148,1248,508
2020-10-03T00:00:00Z,2290,280,150,1342,518
2020-10-04T00:00:00Z,2435,287,165,1438,545
2020-10-05T00:00:00Z,2705,326,182,1603,594
2020-10-06T00:00:00Z,2903,320,185,1784,614
2020-10-07T00:00:00Z,3066,350,204,1867,645
2020-10-08T00:00:00Z,3179,343,213,1982,641
2020-10-09T00:00:00Z,3238,348,245,1962,683
2020-10-10T00:00:00Z,3369,341,257,2087,684
2020-10-11T00:00:00Z,3604,365,274,2214,751
2020-10-12T00:00:00Z,3827,389,299,2329,810
2020-10-13T00:00:00Z,4105,442,316,2514,833
2020-10-14T00:00:00Z,4313,430,347,2646,890
2020-10-15T00:00:00Z,4569,439,360,2757,1013
2020-10-16T00:00:00Z,4854,490,419,2879,1066
2020-10-17T00:00:00Z,5029,502,442,2972,1113
2020-10-18T00:00:00Z,5202,542,396,3118,1146
2020-10-19T00:00:00Z,5644,594,524,3246,1280
2020-10-20T00:00:00Z,6072,610,542,3535,1385
2020-10-21T00:00:00Z,6271,633,583,3593,1462
2020-10-22T00:00:00Z,6345,606,584,3591,1564
2020-10-23T00:00:00Z,6842,698,662,3838,1644
2020-10-24T00:00:00Z,7176,722,720,3999,1735
2020-10-25T00:00:00Z,7612,762,748,4247,1855
2020-10-26T00:00:00Z,7856,815,793,4499,1749
2020-10-27T00:00:00Z,8595,889,870,4682,2154
2020-10-28T00:00:00Z,9070,933,921,4807,2409
2020-10-29T00:00:00Z,9127,921,967,4892,2347
2020-10-30T00:00:00Z,9295,945,1007,4892,2451
2020-10-31T00:00:00Z,9782,963,1070,5234,2515
2020-11-01T00:00:00Z,9623,1032,1126,5009,2456
2020-11-02T00:00:00Z,10397,1067,1224,5507,2599
2020-11-03T00:00:00Z,10971,1111,1245,5667,2948
2020-11-04T00:00:00Z,11037,1132,1290,5688,2927
2020-11-05T00:00:00Z,10994,1102,1325,5617,2950
2020-11-06T00:00:00Z,11181,1085,1365,5766,2965
2020-11-07T00:00:00Z,11514,1108,1450,5895,3061
2020-11-08T00:00:00Z,11680,1114,1498,5887,3181
2020-11-09T00:00:00Z,12259,1210,1666,6099,3284
2020-11-10T00:00:00Z,12033,1211,1723,5822,3277
2020-11-11T00:00:00Z,12730,1223,1808,6185,3514
2020-11-12T00:00:00Z,12967,1269,1781,6251,3666
2020-11-13T00:00:00Z,13328,1298,1914,6310,3806
2020-11-14T00:00:00Z,13399,1357,2013,6120,3909
2020-11-15T00:00:00Z,13886,1390,2103,6390,4003
2020-11-16T00:00:00Z,14313,1474,2078,6631,4130
2020-11-17T00:00:00Z,14411,1520,2096,6569,4226
2020-11-18T00:00:00Z,14490,1519,2217,6478,4276
2020-11-19T00:00:00Z,14479,1551,2247,6367,4314
2020-11-20T00:00:00Z,14236,1576,2280,6156,4224
2020-11-21T00:00:00Z,14118,1591,2264,6039,4224
2020-11-22T00:00:00Z,14354,1605,2299,6147,4303
2020-11-23T00:00:00Z,14712,1675,2420,6247,4370
2020-11-24T00:00:00Z,14506,1626,2441,6056,4383
2020-11-25T00:00:00Z,14240,1611,2457,5837,4335
2020-11-26T00:00:00Z,13908,1643,2414,5637,4214
2020-11-27T00:00:00Z,13754,1674,2425,5483,4172
2020-11-28T00:00:00Z,13208,1635,2319,5214,4040
2020-11-29T00:00:00Z,13521,1663,2418,5372,4068
2020-11-30T00:00:00Z,13756,1677,2510,5448,4121
2020-12-01T00:00:00Z,13507,1701,2394,5331,4081
2020-12-02T00:00:00Z,13212,1637,2407,5100,4068
2020-12-03T00:00:00Z,12896,1685,2348,4985,3878
2020-12-04T00:00:00Z,12987,1659,2331,4958,4039
2020-12-05T00:00:00Z,12968,1710,2373,4800,4085
2020-12-06T00:00:00Z,13189,1766,2436,4792,4195
2020-12-07T00:00:00Z,13616,1822,2531,5005,4258
2020-12-08T00:00:00Z,13629,1849,2599,4898,4283
2020-12-09T00:00:00Z,13467,1787,2639,4744,4297
2020-12-10T00:00:00Z,13796,1934,2697,4729,4436
2020-12-11T00:00:00Z,13901,2031,2772,4664,4434
2020-12-12T00:00:00Z,13927,2092,2788,4564,4483
2020-12-13T00:00:00Z,14460,2212,2921,4619,4708
2020-12-14T00:00:00Z,15053,2330,3123,4808,4792
2020-12-15T00:00:00Z,15031,2482,3146,4804,4599
2020-12-16T00:00:00Z,15465,2543,3216,4781,4925
2020-12-17T00:00:00Z,15741,2607,3307,4765,5062
2020-12-18T00:00:00Z,15866,2726,3398,4651,5091
2020-12-19T00:00:00Z,16183,2909,3372,4666,5236
2020-12-20T00:00:00Z,16633,3067,3630,4779,5157
2020-12-21T00:00:00Z,17709,3367,3861,4929,5552
2020-12-22T00:00:00Z,18063,3559,3950,4902,5652
2020-12-23T00:00:00Z,17834,3578,3976,4790,5490
2020-12-24T00:00:00Z,18227,3966,4103,4604,5554
2020-12-25T00:00:00Z,17701,4019,3956,4336,5390
2020-12-26T00:00:00Z,18350,4276,4171,4401,5502
2020-12-27T00:00:00Z,19277,4591,4428,4554,5704
2020-12-28T00:00:00Z,20426,4957,4647,4783,6039
2020-12-29T00:00:00Z,21787,5371,4920,4880,6616
2020-12-30T00:00:00Z,22713,5524,5115,5087,6987
2020-12-31T00:00:00Z,22728,5685,5199,5112,6732
2021-01-01T00:00:00Z,22534,5511,5233,5072,6718
2021-01-02T00:00:00Z,23557,5861,5467,5034,7195
2021-01-03T00:00:00Z,24957,6358,5824,5315,7460
2021-01-04T00:00:00Z,26626,6733,6131,5640,8122
2021-01-05T00:00:00Z,26467,6816,5793,5785,8073
2021-01-06T00:00:00Z,27727,7034,6401,5861,8431
2021-01-07T00:00:00Z,28246,7231,6580,6027,8408
2021-01-08T00:00:00Z,29346,7277,6667,6455,8947
2021-01-09T00:00:00Z,29462,7224,6841,6249,9148
2021-01-10T00:00:00Z,30758,7494,7165,6693,9406
2021-01-11T00:00:00Z,32070,7799,7403,7125,9743
2021-01-12T00:00:00Z,32202,7606,7492,7214,9890
2021-01-13T00:00:00Z,32689,7686,7631,7325,10047
2021-01-14T00:00:00Z,32925,7840,7616,7367,10102
2021-01-15T00:00:00Z,33362,7811,7772,7623,10156
2021-01-16T00:00:00Z,32923,7571,7688,7588,10076
2021-01-17T00:00:00Z,33352,7707,7636,7755,10254
2021-01-18T00:00:00Z,34336,7917,7859,8038,10522
2021-01-19T00:00:00Z,34015,7711,7846,8137,10321
2021-01-20T00:00:00Z,33886,7588,7744,8136,10418
2021-01-21T00:00:00Z,33235,7332,7344,8101,10458
2021-01-22T00:00:00Z,33412,7298,7610,8108,10396
2021-01-23T00:00:00Z,32614,7044,7418,7986,10166
2021-01-24T00:00:00Z,32907,7030,7460,8070,10347
2021-01-25T00:00:00Z,32938,7014,7537,8013,10374
2021-01-26T00:00:00Z,32337,6785,7276,8187,10089
2021-01-27T00:00:00Z,30846,6272,6905,7918,9751
2021-01-28T00:00:00Z,30333,6393,6645,7796,9499
2021-01-29T00:00:00Z,29359,6064,6432,7657,9206
2021-01-30T00:00:00Z,28571,5918,6288,7478,8887
2021-01-31T00:00:00Z,28112,5654,6139,7340,8979
2021-02-01T00:00:00Z,28539,5881,6257,7513,8888
2021-02-02T00:00:00Z,27397,5723,5975,7256,8443
2021-02-03T00:00:00Z,26374,5462,5588,7037,8287
2021-02-04T00:00:00Z,25334,5212,5272,6812,8038
2021-02-05T00:00:00Z,24402,5066,5035,6623,7678
2021-02-06T00:00:00Z,23042,4787,4709,6358,7188
2021-02-07T00:00:00Z,22991,4729,4653,6327,7282
2021-02-08T00:00:00Z,23020,4743,4617,6396,7264
2021-02-09T00:00:00Z,22067,4574,4386,6086,7021
2021-02-10T00:00:00Z,20926,4279,4105,5847,6695
2021-02-11T00:00:00Z,19983,4079,3888,5733,6283
2021-02-12T00:00:00Z,19009,3882,3670,5477,5980
2021-02-13T00:00:00Z,17694,3562,3290,5220,5622
2021-02-14T00:00:00Z,17787,3595,3465,5157,5570
2021-02-15T00:00:00Z,17730,3603,3477,5157,5493
2021-02-16T00:00:00Z,17093,3500,3308,4933,5352
2021-02-17T00:00:00Z,16458,3292,3279,4782,5105
2021-02-18T00:00:00Z,15633,3059,2988,4627,4959
2021-02-19T00:00:00Z,15018,3048,2849,4395,4726
2021-02-20T00:00:00Z,14316,2803,2677,4226,4610
2021-02-21T00:00:00Z,14142,2734,2633,4235,4540
2021-02-22T00:00:00Z,14137,2737,2603,4196,4601
2021-02-23T00:00:00Z,13511,2490,2490,4054,4477
2021-02-24T00:00:00Z,13007,2503,2326,3885,4293
2021-02-25T00:00:00Z,12449,2371,2234,3724,4120
2021-02-26T00:00:00Z,11781,2253,2117,3524,3887
2021-02-27T00:00:00Z,11090,2102,1943,3364,3681
2021-02-28T00:00:00Z,10663,1828,1890,3349,3596
2021-03-01T00:00:00Z,10765,2018,1825,3364,3558
2021-03-02T00:00:00Z,10121,1932,1684,3169,3336
2021-03-03T00:00:00Z,9594,1861,1589,2999,3145
2021-03-04T00:00:00Z,9092,1821,1494,2807,2970
2021-03-05T00:00:00Z,8594,1723,1388,2691,2792
2021-03-06T00:00:00Z,8021,1618,1304,2510,2589
2021-03-07T00:00:00Z,7812,1562,1269,2459,2522
2021-03-08T00:00:00Z,7847,1551,1296,2483,2517
2021-03-09T00:00:00Z,7451,1481,1220,2388,2362
2021-03-10T00:00:00Z,6975,1400,1141,2200,2234
2021-03-11T00:00:00Z,6687,1335,1105,2157,2090
2021-03-12T00:00:00Z,6391,1273,1040,2089,1989
2021-03-13T00:00:00Z,6072,1190,962,1989,1931
2021-03-14T00:00:00Z,6039,1181,977,1995,1886
2021-03-15T00:00:00Z,5976,1185,945,1977,1869
2021-03-16T00:00:00Z,5664,1138,883,1862,1781
2021-03-17T00:00:00Z,5397,1082,841,1773,1701
2021-03-18T00:00:00Z,5083,1023,809,1685,1566
2021-03-19T00:00:00Z,4841,986,759,1595,1501
2021-03-20T00:00:00Z,4589,941,725,1533,1390
2021-03-21T00:00:00Z,4492,928,695,1496,1373
2021-03-22T00:00:00Z,4501,922,693,1524,1362
2021-03-23T00:00:00Z,4245,876,667,1424,1278
2021-03-24T00:00:00Z,4005,840,617,1360,1188
2021-03-25T00:00:00Z,3763,811,525,1309,1118
2021-03-26T00:00:00Z,3712,799,539,1303,1071
2021-03-27T00:00:00Z,3676,742,496,1412,1026
2021-03-28T00:00:00Z,3438,737,487,1223,991
2021-03-29T00:00:00Z,3466,733,489,1256,988
2021-03-30T00:00:00Z,3283,717,441,1196,929
2021-03-31T00:00:00Z,3084,689,422,1105,868
2021-04-01T00:00:00Z,2928,668,386,1056,818
2021-04-02T00:00:00Z,2784,652,359,1014,759
2021-04-03T00:00:00Z,2677,630,349,972,726
2021-04-04T00:00:00Z,2672,637,335,972,728
2021-04-05T00:00:00Z,2680,636,329,985,730
2021-04-06T00:00:00Z,2588,601,303,957,727
2021-04-07T00:00:00Z,2486,577,296,911,702
2021-04-08T00:00:00Z,2382,569,262,871,680
2021-04-09T00:00:00Z,2321,561,251,851,658
2021-04-10T00:00:00Z,2190,538,235,795,622
2021-04-11T00:00:00Z,2096,520,222,743,611
2021-04-12T00:00:00Z,2108,520,218,750,620
2021-04-13T00:00:00Z,2057,521,214,739,583
2021-04-14T00:00:00Z,1972,513,208,706,545
2021-04-15T00:00:00Z,1885,498,198,668,521
2021-04-16T00:00:00Z,1844,501,199,623,521
2021-04-17T00:00:00Z,1735,476,198,558,503
2021-04-18T00:00:00Z,1691,467,186,548,490
2021-04-19T00:00:00Z,1732,460,194,576,502
2021-04-20T00:00:00Z,1649,439,195,534,481
2021-04-21T00:00:00Z,1609,453,177,500,479
2021-04-22T00:00:00Z,1523,423,176,479,445
2021-04-23T00:00:00Z,1478,418,188,451,421
2021-04-24T00:00:00Z,1401,403,184,424,390
2021-04-25T00:00:00Z,1377,375,192,428,382
2021-04-26T00:00:00Z,1393,376,186,436,395
2021-04-27T00:00:00Z,1310,368,169,396,377
2021-04-28T00:00:00Z,1278,353,166,390,369
2021-04-29T00:00:00Z,1235,339,161,376,359
2021-04-30T00:00:00Z,1161,315,149,358,339
2021-05-01T00:00:00Z,1071,299,137,345,290
2021-05-02T00:00:00Z,1082,308,124,340,310
2021-05-03T00:00:00Z,1096,316,128,348,304
2021-05-04T00:00:00Z,1093,292,121,374,306
2021-05-05T00:00:00Z,1032,284,119,338,291
2021-05-06T00:00:00Z,976,283,93,322,278
2021-05-07T00:00:00Z,973,272,108,337,256
2021-05-08T00:00:00Z,948,275,96,327,250
2021-05-09T00:00:00Z,933,274,92,315,252
2021-05-10T00:00:00Z,944,281,95,309,259
2021-05-11T00:00:00Z,921,281,89,299,252
2021-05-12T00:00:00Z,907,275,77,307,248
2021-05-13T00:00:00Z,845,266,75,284,220
2021-05-14T00:00:00Z,818,251,72,280,215
2021-05-15T00:00:00Z,810,258,69,278,205
2021-05-16T00:00:00Z,801,261,71,265,204
2021-05-17T00:00:00Z,798,259,77,262,200
2021-05-18T00:00:00Z,749,245,73,250,181
2021-05-19T00:00:00Z,757,241,67,263,186
2021-05-20T00:00:00Z,749,248,61,259,181
2021-05-21T00:00:00Z,766,254,68,260,184
2021-05-22T00:00:00Z,730,233,65,252,180
2021-05-23T00:00:00Z,756,236,66,263,191
2021-05-24T00:00:00Z,797,244,74,282,197
2021-05-25T00:00:00Z,765,242,78,272,173
2021-05-26T00:00:00Z,745,238,74,260,173
2021-05-27T00:00:00Z,742,234,70,265,173
2021-05-28T00:00:00Z,743,234,65,269,175
2021-05-29T00:00:00Z,748,235,72,267,174
2021-05-30T00:00:00Z,755,233,68,272,182
2021-05-31T00:00:00Z,773,234,73,282,184
2021-06-01T00:00:00Z,776,236,76,276,188
2021-06-02T00:00:00Z,801,241,76,297,187
2021-06-03T00:00:00Z,779,238,79,288,174
2021-06-04T00:00:00Z,805,247,78,292,188
2021-06-05T00:00:00Z,782,234,77,290,181
2021-06-06T00:00:00Z,807,237,81,307,182
2021-06-07T00:00:00Z,860,252,87,343,178
2021-06-08T00:00:00Z,879,249,92,347,191
2021-06-09T00:00:00Z,876,270,70,355,181
2021-06-10T00:00:00Z,906,266,82,370,188
2021-06-11T00:00:00Z,884,262,64,373,185
2021-06-12T00:00:00Z,915,250,66,406,193
2021-06-13T00:00:00Z,947,261,68,421,197
2021-06-14T00:00:00Z,993,285,68,439,201
2021-06-15T00:00:00Z,1030,289,78,475,188
2021-06-16T00:00:00Z,1057,277,81,503,196
2021-06-17T00:00:00Z,1122,300,91,517,214
2021-06-18T00:00:00Z,1170,289,95,560,226
2021-06-19T00:00:00Z,1143,286,86,547,224
2021-06-20T00:00:00Z,1168,272,90,597,209
2021-06-21T00:00:00Z,1290,303,104,611,272
2021-06-22T00:00:00Z,1301,300,108,632,261
2021-06-23T00:00:00Z,1255,280,103,614,258
2021-06-24T00:00:00Z,1274,286,113,626,249
2021-06-25T00:00:00Z,1284,286,128,612,258
2021-06-26T00:00:00Z,1276,266,109,627,274
2021-06-27T00:00:00Z,1331,243,130,662,296
2021-06-28T00:00:00Z,1465,302,137,715,311
2021-06-29T00:00:00Z,1445,301,144,694,306
2021-06-30T00:00:00Z,1500,314,166,711,309
2021-07-01T00:00:00Z,1560,329,171,752,308
2021-07-02T00:00:00Z,1611,323,186,766,336
2021-07-03T00:00:00Z,1636,318,191,768,359
2021-07-04T00:00:00Z,1744,331,213,810,390
2021-07-05T00:00:00Z,1888,364,221,883,420
2021-07-06T00:00:00Z,1998,381,239,946,432
2021-07-07T00:00:00Z,2144,397,247,1020,480
2021-07-08T00:00:00Z,2209,411,269,1038,491
2021-07-09T00:00:00Z,2352,435,269,1121,527
2021-07-10T00:00:00Z,2429,440,269,1166,554
2021-07-11T00:00:00Z,2564,467,278,1246,573
2021-07-12T00:00:00Z,2798,514,313,1330,641
2021-07-13T00:00:00Z,2970,514,365,1415,676
2021-07-14T00:00:00Z,3110,540,387,1428,755
2021-07-15T00:00:00Z,3241,575,408,1492,766
2021-07-16T00:00:00Z,3367,583,443,1526,815
2021-07-17T00:00:00Z,3442,590,476,1525,851
2021-07-18T00:00:00Z,3546,574,496,1601,875
2021-07-19T00:00:00Z,3813,647,544,1650,972
2021-07-20T00:00:00Z,3894,662,538,1691,1003
2021-07-21T00:00:00Z,4063,713,564,1746,1040
2021-07-22T00:00:00Z,4230,735,603,1778,1114
2021-07-23T00:00:00Z,4401,794,591,1856,1160
2021-07-24T00:00:00Z,4476,852,658,1877,1089
2021-07-25T00:00:00Z,4725,890,693,1948,1194
2021-07-26T00:00:00Z,5055,957,739,2023,1336
2021-07-27T00:00:00Z,5163,1001,777,2065,1320
2021-07-28T00:00:00Z,5182,1023,810,2009,1340
2021-07-29T00:00:00Z,5056,935,777,1996,1348
2021-07-30T00:00:00Z,5111,1029,809,1981,1292
2021-07-31T00:00:00Z,5057,1034,766,1940,1317
2021-08-01T00:00:00Z,5090,1023,774,1981,1312
2021-08-02T00:00:00Z,5309,1157,791,2034,1327
2021-08-03T00:00:00Z,5116,1084,785,1960,1287
2021-08-04T00:00:00Z,4944,1042,770,1895,1237
2021-08-05T00:00:00Z,4894,1027,751,1891,1225
2021-08-06T00:00:00Z,4879,1044,770,1838,1227
2021-08-07T00:00:00Z,4817,1026,751,1827,1213
2021-08-08T00:00:00Z,4939,1046,780,1856,1257
2021-08-09T00:00:00Z,5098,1077,790,1926,1305
2021-08-10T00:00:00Z,5096,1068,823,1891,1314
2021-08-11T00:00:00Z,5073,1041,807,1872,1353
2021-08-12T00:00:00Z,5029,1016,805,1839,1369
2021-08-13T00:00:00Z,5076,1025,805,1842,1404
2021-08-14T00:00:00Z,4973,1008,828,1749,1388
2021-08-15T00:00:00Z,5115,1036,875,1784,1420
2021-08-16T00:00:00Z,5429,1086,905,1923,1515
2021-08-17T00:00:00Z,5437,1074,905,1939,1519
2021-08-18T00:00:00Z,5514,1090,916,1986,1522
2021-08-19T00:00:00Z,5554,1098,948,1949,1559
2021-08-20T00:00:00Z,5576,1112,928,1942,1594
2021-08-21T00:00:00Z,5575,1126,940,1926,1583
2021-08-22T00:00:00Z,5749,1138,989,1980,1642
2021-08-23T00:00:00Z,6000,1199,1021,2072,1708
2021-08-24T00:00:00Z,5911,1178,979,2053,1701
2021-08-25T00:00:00Z,5922,1172,1030,2009,1711
2021-08-26T00:00:00Z,5893,1189,1035,1997,1672
2021-08-27T00:00:00Z,5889,1189,1051,1954,1695
2021-08-28T00:00:00Z,5756,1154,1012,1930,1660
2021-08-29T00:00:00Z,5855,1150,1033,1960,1712
2021-08-30T00:00:00Z,6002,1192,1072,2007,1731
2021-08-31T00:00:00Z,6293,1255,1104,2107,1827
2021-09-01T00:00:00Z,6236,1235,1123,2078,1800
2021-09-02T00:00:00Z,6186,1202,1128,2098,1758
2021-09-03T00:00:00Z,6195,1154,1161,2114,1766
2021-09-04T00:00:00Z,6043,1134,1167,2065,1677
2021-09-05T00:00:00Z,6167,1143,1172,2125,1727
2021-09-06T00:00:00Z,6375,1177,1225,2179,1794
2021-09-07T00:00:00Z,6244,1211,1179,2162,1692
2021-09-08T00:00:00Z,6302,1214,1148,2132,1808
2021-09-09T00:00:00Z,6254,1190,1169,2143,1752
2021-09-10T00:00:00Z,6400,1225,1105,2183,1887
2021-09-11T00:00:00Z,6206,1209,1099,2088,1810
2021-09-12T00:00:00Z,6253,1214,1113,2093,1833
2021-09-13T00:00:00Z,6424,1253,1123,2194,1854
2021-09-14T00:00:00Z,6344,1276,1093,2134,1841
2021-09-15T00:00:00Z,6306,1214,1057,2251,1784
2021-09-16T00:00:00Z,6081,1179,1042,2121,1739
2021-09-17T00:00:00Z,5910,1153,974,2101,1682
2021-09-18T00:00:00Z,5688,1124,925,2046,1593
2021-09-19T00:00:00Z,5695,1134,909,2035,1617
2021-09-20T00:00:00Z,5727,1122,876,2069,1660
2021-09-21T00:00:00Z,5543,1077,872,1988,1606
2021-09-22T00:00:00Z,5406,1056,825,1970,1555
2021-09-23T00:00:00Z,5214,1013,799,1920,1482
2021-09-24T00:00:00Z,5036,1000,770,1832,1434
2021-09-25T00:00:00Z,5100,984,759,1986,1371
2021-09-26T00:00:00Z,4949,990,728,1851,1380
2021-09-27T00:00:00Z,5121,999,733,1999,1390
2021-09-28T00:00:00Z,5126,1001,797,1945,1383
2021-09-29T00:00:00Z,5017,983,776,1889,1369
2021-09-30T00:00:00Z,4916,948,782,1848,1338
2021-10-01T00:00:00Z,4799,927,749,1809,1314
2021-10-02T00:00:00Z,4652,894,724,1801,1233
2021-10-03T00:00:00Z,4778,906,757,1799,1316
2021-10-04T00:00:00Z,4909,934,791,1832,1352
2021-10-05T00:00:00Z,5006,925,778,1907,1396
2021-10-06T00:00:00Z,5009,904,789,1915,1401
2021-10-07T00:00:00Z,4962,884,786,1919,1373
2021-10-08T00:00:00Z,4975,885,830,1894,1366
2021-10-09T00:00:00Z,4921,867,834,1873,1347
2021-10-10T00:00:00Z,5077,878,855,1936,1408
2021-10-11T00:00:00Z,5206,894,854,1977,1481
2021-10-12T00:00:00Z,5213,853,911,1923,1526
2021-10-13T00:00:00Z,5246,849,901,1968,1528
2021-10-14T00:00:00Z,5289,864,921,1983,1521
2021-10-15T00:00:00Z,5363,879,943,1981,1560
2021-10-16T00:00:00Z,5385,882,939,1990,1574
2021-10-17T00:00:00Z,5623,896,1011,2079,1637
2021-10-18T00:00:00Z,5938,918,1098,2178,1744
2021-10-19T00:00:00Z,6099,965,1160,2188,1786
2021-10-20T00:00:00Z,6299,959,1223,2270,1847
2021-10-21T00:00:00Z,6366,979,1240,2279,1868
2021-10-22T00:00:00Z,6405,969,1227,2308,1901
2021-10-23T00:00:00Z,6386,993,1226,2306,1861
2021-10-24T00:00:00Z,6515,1003,1273,2305,1934
2021-10-25T00:00:00Z,6801,1044,1358,2384,2015
2021-10-26T00:00:00Z,6883,1046,1392,2429,2016
2021-10-27T00:00:00Z,6951,1051,1398,2481,2021
2021-10-28T00:00:00Z,7019,1063,1417,2536,2003
2021-10-29T00:00:00Z,7113,1047,1437,2570,2059
2021-10-30T00:00:00Z,7155,1032,1482,2601,2040
2021-10-31T00:00:00Z,7311,1067,1489,2671,2084
2021-11-01T00:00:00Z,7535,1104,1528,2701,2202
2021-11-02T00:00:00Z,7510,1094,1552,2709,2155
2021-11-03T00:00:00Z,7291,1050,1514,2630,2097
2021-11-04T00:00:00Z,7201,1020,1509,2556,2116
2021-11-05T00:00:00Z,7072,1039,1460,2498,2075
2021-11-06T00:00:00Z,6874,1035,1431,2407,2001
2021-11-07T00:00:00Z,6910,1034,1427,2408,2041
2021-11-08T00:00:00Z,7075,1052,1478,2451,2094
2021-11-09T00:00:00Z,7053,1054,1480,2447,2072
2021-11-10T00:00:00Z,6961,1047,1449,2404,2061
2021-11-11T00:00:00Z,6861,1075,1418,2380,1988
2021-11-12T00:00:00Z,6777,1056,1412,2329,1980
2021-11-13T00:00:00Z,6639,1047,1376,2290,1926
2021-11-14T00:00:00Z,6707,1047,1427,2311,1922
2021-11-15T00:00:00Z,6864,1094,1437,2362,1971
2021-11-16T00:00:00Z,6623,1088,1359,2259,1917
2021-11-17T00:00:00Z,6412,1057,1330,2190,1835
2021-11-18T00:00:00Z,6336,1037,1345,2141,1813
2021-11-19T00:00:00Z,6310,1030,1337,2108,1835
2021-11-20T00:00:00Z,6191,1026,1299,2052,1814
2021-11-21T00:00:00Z,6322,1048,1362,2077,1835
2021-11-22T00:00:00Z,6424,1067,1386,2111,1860
2021-11-23T00:00:00Z,6257,1034,1367,2053,1803
2021-11-24T00:00:00Z,6062,1012,1332,1979,1739
2021-11-25T00:00:00Z,6068,1028,1319,1961,1760
2021-11-26T00:00:00Z,5992,1043,1299,1919,1731
2021-11-27T00:00:00Z,5852,989,1306,1870,1687
2021-11-28T00:00:00Z,5890,994,1291,1891,1714
2021-11-29T00:00:00Z,6094,1099,1356,1893,1746
2021-11-30T00:00:00Z,6123,1095,1342,1929,1757
2021-12-01T00:00:00Z,5829,1074,1334,1771,1650
2021-12-02T00:00:00Z,5915,1083,1363,1798,1671
2021-12-03T00:00:00Z,5851,1069,1366,1731,1685
2021-12-04T00:00:00Z,5784,1057,1377,1697,1653
2021-12-05T00:00:00Z,5903,1087,1392,1745,1679
2021-12-06T00:00:00Z,5992,1102,1436,1750,1704
2021-12-07T00:00:00Z,6027,1134,1418,1755,1720
2021-12-08T00:00:00Z,6053,1136,1424,1738,1755
2021-12-09T00:00:00Z,6130,1163,1456,1755,1756
2021-12-10T00:00:00Z,6088,1193,1435,1719,1741
2021-12-11T00:00:00Z,6095,1185,1428,1690,1792
2021-12-12T00:00:00Z,6223,1253,1446,1710,1814
2021-12-13T00:00:00Z,6395,1360,1471,1758,1806
2021-12-14T00:00:00Z,6434,1349,1445,1726,1914
2021-12-15T00:00:00Z,6358,1372,1411,1721,1854
2021-12-16T00:00:00Z,6405,1460,1398,1723,1824
2021-12-17T00:00:00Z,6321,1534,1330,1687,1770
2021-12-18T00:00:00Z,6287,1573,1322,1692,1700
2021-12-19T00:00:00Z,6434,1666,1332,1703,1733
2021-12-20T00:00:00Z,6688,1819,1347,1738,1784
2021-12-21T00:00:00Z,6902,1904,1368,1753,1877
2021-12-22T00:00:00Z,7080,2036,1321,1837,1886
2021-12-23T00:00:00Z,7114,2097,1306,1806,1905
2021-12-24T00:00:00Z,7366,2260,1305,1861,1940
2021-12-25T00:00:00Z,7166,2295,1258,1697,1916
2021-12-26T00:00:00Z,7536,2425,1293,1792,2026
2021-12-27T00:00:00Z,8474,2640,1467,2115,2252
2021-12-28T00:00:00Z,9546,3024,1604,2469,2449
2021-12-29T00:00:00Z,10462,3310,1784,2756,2612
2021-12-30T00:00:00Z,11452,3477,1911,3168,2896
2021-12-31T00:00:00Z,12395,3636,1968,3586,3205
2022-01-01T00:00:00Z,12615,3666,2014,3777,3158
2022-01-02T00:00:00Z,13151,3744,2033,3819,3555
2022-01-03T00:00:00Z,14210,3848,2235,4359,3768
2022-01-04T00:00:00Z,15044,3993,2276,4764,4011
2022-01-05T00:00:00Z,15659,4074,2419,5055,4111
2022-01-06T00:00:00Z,16058,4053,2418,5296,4291
